model,k,recall,hitrate,ndcg,map,mrr,users
baseline_retrieval_als,10,0.07822847169787966,0.07822847169787966,0.036848684271889864,0.024512624204104726,0.024512624204104726,161578
baseline_retrieval_als,20,0.1363056851799131,0.1363056851799131,0.05141065857749392,0.028445638759998556,0.028445638759998556,161578
baseline_retrieval_als,50,0.2699686838554754,0.2699686838554754,0.07774845195346167,0.032598551678661235,0.032598551678661235,161578
baseline_ranker,10,0.10783027392343017,0.10783027392343017,0.054979937521230655,0.039111635011602926,0.039111635011602926,161578
baseline_ranker,20,0.17147755263711645,0.17147755263711645,0.07094148108140906,0.04342486837414025,0.04342486837414025,161578
baseline_ranker,50,0.29833269380732524,0.29833269380732524,0.095972165640659,0.04738580983464345,0.04738580983464345,161578
