model,k,recall,ndcg,map,mrr,users
baseline_retrieval_als,10,0.07716241443683883,0.03815467026459709,0.02646442646753782,0.02646442646753782,8035
baseline_retrieval_als,20,0.13167392657125077,0.05180525641377611,0.030140653299092286,0.030140653299092286,8035
baseline_retrieval_als,50,0.25326695706285,0.07579981628784632,0.033934063184351125,0.033934063184351125,8035
baseline_ranker,10,0.08338518979464841,0.04038268598744366,0.027519137503580517,0.027519137503580517,8035
baseline_ranker,20,0.13503422526446796,0.053342279196205544,0.031024929181542756,0.031024929181542756,8035
baseline_ranker,50,0.25762289981331676,0.07754749130624967,0.03486526891407669,0.03486526891407669,8035
