model,k,recall,ndcg,map,mrr,users
baseline_retrieval_als,10,0.07642748393964525,0.03649113684408738,0.024581056434093744,0.024581056434093744,161578
baseline_retrieval_als,20,0.13537115201326913,0.05125955094826345,0.02856404582664253,0.02856404582664253,161578
baseline_retrieval_als,50,0.26814912921313544,0.0774108612763768,0.03268195265492345,0.03268195265492345,161578
baseline_ranker,10,0.10377031526569211,0.052918207383260835,0.0376568754350694,0.0376568754350694,161578
baseline_ranker,20,0.16622931339662578,0.06859616939430842,0.0419010657881592,0.0419010657881592,161578
baseline_ranker,50,0.2924841253140898,0.09349924773871832,0.045837960607512815,0.045837960607512815,161578
