model,k,recall,ndcg,map,mrr,users
final_retrieval_two_tower_faiss_hybrid,10,0.07287502011412444,0.03470453987615452,0.023364277157801296,0.023364277157801296,161578
final_retrieval_two_tower_faiss_hybrid,20,0.12808674448254093,0.048525250726991306,0.027084843213698934,0.027084843213698934,161578
final_retrieval_two_tower_faiss_hybrid,50,0.2517360036638651,0.07287271802415914,0.030915623013949282,0.030915623013949282,161578
final_ranker_two_tower_hybrid,10,0.10213642946440728,0.05179445885854974,0.03666077192655699,0.03666077192655699,161578
final_ranker_two_tower_hybrid,20,0.16483679708871257,0.06753249350493902,0.04092058185970439,0.04092058185970439,161578
final_ranker_two_tower_hybrid,50,0.28914208617509807,0.09206947010761564,0.04480708970921417,0.04480708970921417,161578
final_ranker_ensemble,10,0.10496478480981322,0.05348014119078603,0.03802018711489686,0.03802018711489686,161578
final_ranker_ensemble,20,0.16837069403012786,0.069412704847873,0.04234220877112123,0.04234220877112123,161578
final_ranker_ensemble,50,0.2944769708747478,0.09430367482135865,0.04628426069779485,0.04628426069779485,161578
