model,k,recall,hitrate,ndcg,map,mrr,users
baseline_retrieval_als,10,0.07819752689103715,0.07819752689103715,0.036840152061971505,0.024512187047309685,0.024512187047309685,161578
baseline_retrieval_als,20,0.13650373194370521,0.13650373194370521,0.05145418621023336,0.02845654728069393,0.02845654728069393,161578
baseline_retrieval_als,50,0.26977063709168325,0.26977063709168325,0.07771073594058772,0.03259501178275653,0.03259501178275653,161578
baseline_ranker,10,0.1078921635371152,0.1078921635371152,0.05509396696278258,0.039233950500490555,0.039233950500490555,161578
baseline_ranker,20,0.1712423721051133,0.1712423721051133,0.07099474881872933,0.04353755116148587,0.04353755116148587,161578
baseline_ranker,50,0.2976209632499474,0.2976209632499474,0.0959347279308476,0.047485941304785784,0.047485941304785784,161578
