model,k,recall,ndcg,map,mrr,users
baseline_retrieval_als,10,0.07790914747977598,0.03696228621377212,0.02478067186219019,0.02478067186219019,8035
baseline_retrieval_als,20,0.13067828251400124,0.05014519631989946,0.02831565330538477,0.02831565330538477,8035
baseline_retrieval_als,50,0.25152457996266336,0.07398306379432375,0.032085550381939415,0.032085550381939415,8035
baseline_ranker,10,0.08301182327317984,0.040254468170713056,0.027457699943698653,0.027457699943698653,8035
baseline_ranker,20,0.13926571250777847,0.05433523216679205,0.031249418213657478,0.031249418213657478,8035
baseline_ranker,50,0.26446795270690726,0.07898717557676811,0.03513043923660799,0.03513043923660799,8035
