model,k,recall,hitrate,ndcg,map,mrr,users
baseline_retrieval_als,10,0.08002489110143124,0.08002489110143124,0.038891913434657845,0.026609822107644107,0.026609822107644107,8035
baseline_retrieval_als,20,0.14536403235843187,0.14536403235843187,0.05517083322906049,0.030952976013065302,0.030952976013065302,8035
baseline_retrieval_als,50,0.28861232109520846,0.28861232109520846,0.08344947991702509,0.035433519859863774,0.035433519859863774,8035
baseline_ranker,10,0.09769757311761046,0.09769757311761046,0.04591779924961088,0.030433174306851905,0.030433174306851905,8035
baseline_ranker,20,0.16465463596764157,0.16465463596764157,0.06271690708738528,0.03497528285529109,0.03497528285529109,8035
baseline_ranker,50,0.29869321717485997,0.29869321717485997,0.0891283499015144,0.039140359355794706,0.039140359355794706,8035
