model,k,recall,ndcg,map,mrr,users
baseline_retrieval_als,10,0.07815805849408837,0.037076756656991845,0.02486448178109656,0.02486448178109656,8035
baseline_retrieval_als,20,0.1310516490354698,0.05028699236373558,0.028405201179167065,0.028405201179167065,8035
baseline_retrieval_als,50,0.2517734909769757,0.07409046544091297,0.03216601422255623,0.03216601422255623,8035
baseline_ranker,10,0.08114499066583697,0.03955297266300289,0.027098161811914104,0.027098161811914104,8035
baseline_ranker,20,0.14075917859365278,0.054493678181786236,0.031130547285377855,0.031130547285377855,8035
baseline_ranker,50,0.26260112009956443,0.07846539082561224,0.03489549630732324,0.03489549630732324,8035
