model,k,recall,hitrate,ndcg,map,mrr,users
final_retrieval_two_tower_faiss_hybrid3,10,0.07566894835096453,0.07566894835096453,0.03645707840788505,0.024729457433253298,0.024729457433253298,8035
final_retrieval_two_tower_faiss_hybrid3,20,0.1298070939639079,0.1298070939639079,0.04995942079244856,0.02833875045058318,0.02833875045058318,8035
final_retrieval_two_tower_faiss_hybrid3,50,0.25040448039825763,0.25040448039825763,0.0736887051320051,0.032065198292163394,0.032065198292163394,8035
final_ranker_two_tower_hybrid3,10,0.08861232109520846,0.08861232109520846,0.04243068103347562,0.0285689098290218,0.0285689098290218,8035
final_ranker_two_tower_hybrid3,20,0.15046670815183572,0.15046670815183572,0.05798461890071278,0.03279472111410456,0.03279472111410456,8035
final_ranker_two_tower_hybrid3,50,0.27056627255756066,0.27056627255756066,0.081635397249478,0.0365167205341529,0.0365167205341529,8035
final_ranker_ensemble,10,0.08836341008089608,0.08836341008089608,0.041508282777769974,0.02751321105085878,0.02751321105085878,8035
final_ranker_ensemble,20,0.1462352209085252,0.1462352209085252,0.055995592692739966,0.031414702017511675,0.031414702017511675,8035
final_ranker_ensemble,50,0.27056627255756066,0.27056627255756066,0.08046059033224709,0.035255589224273576,0.035255589224273576,8035
