model,k,recall,hitrate,ndcg,map,mrr,users
baseline_retrieval_als,10,0.07766023646546359,0.07766023646546359,0.03691896242194959,0.024803241769638752,0.024803241769638752,8035
baseline_retrieval_als,20,0.13067828251400124,0.13067828251400124,0.0501675395791196,0.028358178833835845,0.028358178833835845,8035
baseline_retrieval_als,50,0.25164903546981954,0.25164903546981954,0.07402878626609935,0.03213175900850099,0.03213175900850099,8035
baseline_ranker,10,0.08462974486621033,0.08462974486621033,0.04023883474938276,0.026947432364358287,0.026947432364358287,8035
baseline_ranker,20,0.13864343497199752,0.13864343497199752,0.05377309388099851,0.030597972150949535,0.030597972150949535,8035
baseline_ranker,50,0.26496577473553207,0.26496577473553207,0.07866414848262335,0.034520904903283835,0.034520904903283835,8035
