model,k,recall,hitrate,ndcg,map,mrr,users
baseline_retrieval_als,10,0.07803360298693217,0.07803360298693217,0.0370442474720226,0.024860185102873307,0.024860185102873307,8035
baseline_retrieval_als,20,0.13067828251400124,0.13067828251400124,0.05019273619717451,0.028384516846812223,0.028384516846812223,8035
baseline_retrieval_als,50,0.25152457996266336,0.25152457996266336,0.07402918047654926,0.03215414318162456,0.03215414318162456,8035
baseline_ranker,10,0.08288736776602365,0.08288736776602365,0.040563916870898414,0.027870724311296752,0.027870724311296752,8035
baseline_ranker,20,0.1387678904791537,0.1387678904791537,0.05454027167922959,0.03162652667582721,0.03162652667582721,8035
baseline_ranker,50,0.2667081518357187,0.2667081518357187,0.07972324682927182,0.035587022002564306,0.035587022002564306,8035
