model,k,recall,hitrate,ndcg,map,mrr,users
baseline_retrieval_als,10,0.07803360298693217,0.07803360298693217,0.03704582284247176,0.024858654102586863,0.024858654102586863,8035
baseline_retrieval_als,20,0.1314250155569384,0.1314250155569384,0.050370267620568426,0.0284246839428745,0.0284246839428745,8035
baseline_retrieval_als,50,0.2511512134411948,0.2511512134411948,0.07397276347591998,0.032150789515919306,0.032150789515919306,8035
baseline_ranker,10,0.08313627878033603,0.08313627878033603,0.03989686172391225,0.026926492231408167,0.026926492231408167,8035
baseline_ranker,20,0.14138145612943373,0.14138145612943373,0.05452786888049548,0.030895727132864977,0.030895727132864977,8035
baseline_ranker,50,0.26484131922837584,0.26484131922837584,0.07886689906014703,0.03473753862677117,0.03473753862677117,8035
