model,k,recall,hitrate,ndcg,map,mrr,users
baseline_retrieval_als,10,0.07627894886680117,0.07627894886680117,0.03646360174036573,0.024585919189454727,0.024585919189454727,161578
baseline_retrieval_als,20,0.13543923058832266,0.13543923058832266,0.051289853259620065,0.028586454666048085,0.028586454666048085,161578
baseline_retrieval_als,50,0.2680996175221874,0.2680996175221874,0.07741757703814411,0.03270038982392674,0.03270038982392674,161578
baseline_ranker,10,0.10266249118073005,0.10266249118073005,0.05246351028748169,0.037382800227989794,0.037382800227989794,161578
baseline_ranker,20,0.16517100100261173,0.16517100100261173,0.06817043925066456,0.04164309150698674,0.04164309150698674,161578
baseline_ranker,50,0.29191474086818753,0.29191474086818753,0.093176199024345,0.04559823166953429,0.04559823166953429,161578
