model,k,recall,hitrate,ndcg,map,mrr,users
baseline_retrieval_bm25,10,0.054760423148724334,0.054760423148724334,0.02632346292220923,0.01787536669926214,0.01787536669926214,8035
baseline_retrieval_bm25,20,0.09483509645301805,0.09483509645301805,0.03638507177459414,0.020599666000163212,0.020599666000163212,8035
baseline_retrieval_bm25,50,0.18991910392034847,0.18991910392034847,0.055019703970988224,0.023495345286137403,0.023495345286137403,8035
baseline_ranker,10,0.07492221530802738,0.07492221530802738,0.03629971907400875,0.02475202734070186,0.02475202734070186,8035
baseline_ranker,20,0.12644679527069072,0.12644679527069072,0.049305955189401715,0.028312929711113183,0.028312929711113183,8035
baseline_ranker,50,0.22962041070317363,0.22962041070317363,0.0696303423489918,0.03151571434129038,0.03151571434129038,8035
