model,k,recall,hitrate,ndcg,map,mrr,users
baseline_retrieval_cosine,10,0.07355320472930928,0.07355320472930928,0.03819717271934879,0.02755963493051229,0.02755963493051229,8035
baseline_retrieval_cosine,20,0.1149968886123211,0.1149968886123211,0.048648577281047795,0.030414538149385256,0.030414538149385256,8035
baseline_retrieval_cosine,50,0.20248911014312385,0.20248911014312385,0.06586192125625225,0.03311553448871791,0.03311553448871791,8035
baseline_ranker,10,0.07853142501555693,0.07853142501555693,0.037076102761175164,0.024624806155608848,0.024624806155608848,8035
baseline_ranker,20,0.13229620410703175,0.13229620410703175,0.05060659713200409,0.02830633412827509,0.02830633412827509,8035
baseline_ranker,50,0.23472308649657747,0.23472308649657747,0.07073737181081416,0.031456750290694675,0.031456750290694675,8035
