model,k,recall,ndcg,map,mrr,users
baseline_retrieval_als,10,0.0763470274418547,0.036472503492045956,0.024578961519789236,0.024578961519789236,161578
baseline_retrieval_als,20,0.1355258760474817,0.051298048848706916,0.0285763911225676,0.0285763911225676,161578
baseline_retrieval_als,50,0.2680810506380819,0.07740247332618823,0.03268551996356178,0.03268551996356178,161578
baseline_ranker,10,0.10359083538600553,0.05262446523612578,0.037340892118151586,0.037340892118151586,161578
baseline_ranker,20,0.1660807783237817,0.0682880107404637,0.041568843734745974,0.041568843734745974,161578
baseline_ranker,50,0.2923170233571402,0.09319635036268958,0.045509546138023424,0.045509546138023424,161578
