model,k,recall,ndcg,map,mrr,users
final_retrieval_two_tower_faiss_hybrid,10,0.07255756067205973,0.036332569627505196,0.02546759711974395,0.02546759711974395,8035
final_retrieval_two_tower_faiss_hybrid,20,0.12594897324206597,0.049666104363091636,0.02904023524169326,0.02904023524169326,8035
final_retrieval_two_tower_faiss_hybrid,50,0.24592408214063471,0.07332097954389247,0.03277361277796317,0.03277361277796317,8035
final_ranker_two_tower_hybrid,10,0.08550093341630367,0.041022313904890584,0.027751997708438204,0.027751997708438204,8035
final_ranker_two_tower_hybrid,20,0.1436216552582452,0.055650029959597794,0.031732735164027415,0.031732735164027415,8035
final_ranker_two_tower_hybrid,50,0.26297448662103295,0.0791676282525647,0.03544193348804371,0.03544193348804371,8035
final_ranker_ensemble,10,0.08487865588052271,0.04186348071689663,0.028924250056795112,0.028924250056795112,8035
final_ranker_ensemble,20,0.14648413192283757,0.05741333149140213,0.0331788856009323,0.0331788856009323,8035
final_ranker_ensemble,50,0.26621032980709397,0.0809983274423067,0.036896489561647816,0.036896489561647816,8035
