model,k,recall,ndcg,map,mrr,users
baseline_retrieval_als,10,0.08002489110143124,0.03677689374912453,0.023924546379431224,0.023924546379431224,8035
baseline_retrieval_als,20,0.14051026757934038,0.05183406158234621,0.027935419269934862,0.027935419269934862,8035
baseline_retrieval_als,50,0.2789047915370255,0.07910449380582112,0.03223377532495985,0.03223377532495985,8035
baseline_ranker,10,0.08823895457373988,0.040881433599509576,0.0266614810205351,0.0266614810205351,8035
baseline_ranker,20,0.1550715619166148,0.05765300393742753,0.031199007464200727,0.031199007464200727,8035
baseline_ranker,50,0.29023024268823894,0.08436884456780211,0.03544680919466801,0.03544680919466801,8035
