model,k,recall,ndcg,map,mrr,users
final_retrieval_two_tower_faiss_hybrid,10,0.07205973864343497,0.03362983701589237,0.022234667772937807,0.022234667772937807,8035
final_retrieval_two_tower_faiss_hybrid,20,0.13366521468574985,0.04916147698873147,0.026475092270610505,0.026475092270610505,8035
final_retrieval_two_tower_faiss_hybrid,50,0.26359676415681393,0.0746498484229907,0.030445176131251136,0.030445176131251136,8035
final_ranker_two_tower_hybrid,10,0.08674548848786559,0.04182003780909368,0.028299503165713415,0.028299503165713415,8035
final_ranker_two_tower_hybrid,20,0.15183571873055382,0.05813516950994574,0.032702482887104714,0.032702482887104714,8035
final_ranker_two_tower_hybrid,50,0.29135034225264467,0.08558496121523783,0.03701048671903326,0.03701048671903326,8035
final_ranker_ensemble,10,0.09197261978842564,0.042693538559953975,0.02794139726000329,0.02794139726000329,8035
final_ranker_ensemble,20,0.15917859365276912,0.059486306113175305,0.03244685649449249,0.03244685649449249,8035
final_ranker_ensemble,50,0.2933416303671437,0.08589909757133349,0.03659977459318367,0.03659977459318367,8035
