model,k,recall,hitrate,ndcg,map,mrr,users
baseline_retrieval_als,10,0.07870197687430064,0.07870197687430064,0.03945127781854065,0.027732707530357666,0.027732707530357666,5362
baseline_retrieval_als,20,0.13222678105184632,0.13222678105184632,0.05282566743672807,0.03132591535182064,0.03132591535182064,5362
baseline_retrieval_als,50,0.247668780305856,0.247668780305856,0.07559701914308117,0.03492641887718454,0.03492641887718454,5362
baseline_ranker,10,0.08485639686684072,0.08485639686684072,0.041166891398139234,0.028048495290196127,0.028048495290196127,5362
baseline_ranker,20,0.14043267437523313,0.14043267437523313,0.05517901259737232,0.03187330981675256,0.03187330981675256,5362
baseline_ranker,50,0.25512868332711675,0.25512868332711675,0.07778502576261973,0.035439982321070956,0.035439982321070956,5362
