model,k,recall,hitrate,ndcg,map,mrr,users
baseline_retrieval_als,10,0.07825941650472218,0.07825941650472218,0.036848587698077966,0.024504605569633246,0.024504605569633246,161578
baseline_retrieval_als,20,0.13661513324833827,0.13661513324833827,0.0514731482721403,0.02845097486467182,0.02845097486467182,161578
baseline_retrieval_als,50,0.27004914035326594,0.27004914035326594,0.07775451636725772,0.03259002318880666,0.03259002318880666,161578
baseline_ranker,10,0.10715567713426333,0.10715567713426333,0.0547740403796346,0.03904117908948383,0.03904117908948383,161578
baseline_ranker,20,0.17116810456869128,0.17116810456869128,0.07083442944148849,0.0433846266841881,0.0433846266841881,161578
baseline_ranker,50,0.2984317171892213,0.2984317171892213,0.0959402591436233,0.04735534258584891,0.04735534258584891,161578
