model,k,recall,hitrate,ndcg,map,mrr,users
baseline_retrieval_als,10,0.07648318459196178,0.07648318459196178,0.03650898992035357,0.024589067700754055,0.024589067700754055,161578
baseline_retrieval_als,20,0.1355134981247447,0.1355134981247447,0.05129355021383185,0.028573385374513136,0.028573385374513136,161578
baseline_retrieval_als,50,0.26813056232902993,0.26813056232902993,0.07741060013449776,0.03268475985978926,0.03268475985978926,161578
baseline_ranker,10,0.10304001782420874,0.10304001782420874,0.052555719827703296,0.03741264231909639,0.03741264231909639,161578
baseline_ranker,20,0.1655052049165109,0.1655052049165109,0.06823672425835273,0.04165783385301129,0.04165783385301129,161578
baseline_ranker,50,0.2923417792026142,0.2923417792026142,0.09326735472032269,0.045620311841021284,0.045620311841021284,161578
