model,k,recall,hitrate,ndcg,map,mrr,users
baseline_retrieval_als,10,0.07290470723306544,0.07290470723306544,0.035837671178286776,0.02477857962932592,0.02477857962932592,1742
baseline_retrieval_als,20,0.12456946039035591,0.12456946039035591,0.04884061701323331,0.02831540171416321,0.02831540171416321,1742
baseline_ranker,10,0.07290470723306544,0.07290470723306544,0.03670211431923907,0.025713237840103514,0.025713237840103514,1742
baseline_ranker,20,0.1285878300803674,0.1285878300803674,0.05074609910764335,0.029550450392322,0.029550450392322,1742
