model,k,recall,hitrate,ndcg,map,mrr,users
final_retrieval_two_tower_faiss_hybrid4,10,0.0574052812858783,0.0574052812858783,0.026131867867917363,0.016859612195433086,0.016859612195433086,1742
final_retrieval_two_tower_faiss_hybrid4,20,0.09299655568312284,0.09299655568312284,0.03515673711161561,0.019349868644943344,0.019349868644943344,1742
final_ranker_two_tower_hybrid4,10,0.0809414466130884,0.0809414466130884,0.039073958404176955,0.026368614801450647,0.026368614801450647,1742
final_ranker_two_tower_hybrid4,20,0.14064293915040182,0.14064293915040182,0.05406351134933809,0.030429168199510703,0.030429168199510703,1742
final_ranker_ensemble,10,0.08668197474167623,0.08668197474167623,0.04102487448190163,0.027303956408434037,0.027303956408434037,1742
final_ranker_ensemble,20,0.1452353616532721,0.1452353616532721,0.055755555871306796,0.031309248772228654,0.031309248772228654,1742
