model,k,recall,ndcg,map,mrr,users
final_retrieval_two_tower_faiss_hybrid,10,0.07290596492096696,0.03470285244216301,0.023352319200300006,0.023352319200300006,161578
final_retrieval_two_tower_faiss_hybrid,20,0.1280186659074874,0.04849757139919778,0.027065243409973145,0.027065243409973145,161578
final_retrieval_two_tower_faiss_hybrid,50,0.25179789327755014,0.07287167556182977,0.03090065672373278,0.03090065672373278,161578
final_ranker_two_tower_hybrid,10,0.10161036774808452,0.051365150808985814,0.03626661367736906,0.03626661367736906,161578
final_ranker_two_tower_hybrid,20,0.16476871851365904,0.06721430916221445,0.04055454516673852,0.04055454516673852,161578
final_ranker_two_tower_hybrid,50,0.28921635371152016,0.09177581283279618,0.04444337161901891,0.04444337161901891,161578
final_ranker_ensemble,10,0.10480387181423213,0.05318537231793956,0.0376886110536422,0.0376886110536422,161578
final_ranker_ensemble,20,0.1684759063733924,0.06918503650359976,0.04202903212098778,0.04202903212098778,161578
final_ranker_ensemble,50,0.29444602606790526,0.09405071474251483,0.04596680727072884,0.04596680727072884,161578
