model,k,recall,ndcg,map,mrr,users
baseline_retrieval_als,10,0.07642129497827675,0.03647523651689562,0.024561976259144556,0.024561976259144556,161578
baseline_retrieval_als,20,0.13548255331790218,0.0512704559235226,0.028550795569091597,0.028550795569091597,161578
baseline_retrieval_als,50,0.2681058064835559,0.07738936739071213,0.03266272415446904,0.03266272415446904,161578
baseline_ranker,10,0.10370223669063858,0.05268011235218668,0.03736671875217973,0.03736671875217973,161578
baseline_ranker,20,0.16636547054673284,0.06841728999715929,0.041631016025913306,0.041631016025913306,161578
baseline_ranker,50,0.2920632759410316,0.09323087084958323,0.04556170194304293,0.04556170194304293,161578
