model,k,recall,hitrate,ndcg,map,mrr,users
baseline_retrieval_als,10,0.0777846919726198,0.0777846919726198,0.036931707952692946,0.02478501792751945,0.02478501792751945,8035
baseline_retrieval_als,20,0.13067828251400124,0.13067828251400124,0.05015202001549548,0.028333271832277736,0.028333271832277736,8035
baseline_retrieval_als,50,0.25127566894835096,0.25127566894835096,0.07395032514971074,0.032101201712451115,0.032101201712451115,8035
baseline_ranker,10,0.0835096453018046,0.0835096453018046,0.04081035721094977,0.02800806985312272,0.02800806985312272,8035
baseline_ranker,20,0.1416303671437461,0.1416303671437461,0.05537162678219234,0.031933521165278096,0.031933521165278096,8035
baseline_ranker,50,0.26222775357809586,0.26222775357809586,0.07909199122877178,0.035655670759917574,0.035655670759917574,8035
