model,k,recall,hitrate,ndcg,map,mrr,users
final_retrieval_two_tower_faiss_hybrid3,10,0.07566894835096453,0.07566894835096453,0.036415016432182555,0.024677057713772054,0.024677057713772054,8035
final_retrieval_two_tower_faiss_hybrid3,20,0.13005600497822029,0.13005600497822029,0.0499762707292613,0.02830062017301572,0.02830062017301572,8035
final_retrieval_two_tower_faiss_hybrid3,50,0.25040448039825763,0.25040448039825763,0.07365096032243874,0.03201581945827947,0.03201581945827947,8035
final_ranker_two_tower_hybrid3,10,0.0925948973242066,0.0925948973242066,0.04441085357397655,0.030014174099426052,0.030014174099426052,8035
final_ranker_two_tower_hybrid3,20,0.1489732420659614,0.1489732420659614,0.0585462569688518,0.033831355037099595,0.033831355037099595,8035
final_ranker_two_tower_hybrid3,50,0.2729309271935283,0.2729309271935283,0.08290516668198,0.037645544477470316,0.037645544477470316,8035
final_ranker_ensemble,10,0.08799004355942751,0.08799004355942751,0.042773345532353915,0.029218399660216655,0.029218399660216655,8035
final_ranker_ensemble,20,0.1494710640945862,0.1494710640945862,0.05824923512561397,0.03343121509280202,0.03343121509280202,8035
final_ranker_ensemble,50,0.2716863721219664,0.2716863721219664,0.08228439486779493,0.03720511433515222,0.03720511433515222,8035
