model,k,recall,hitrate,ndcg,users
als_sampled,10,0.83,0.83,0.6067630453148987,3000
als_sampled,20,0.893,0.893,0.6227693379529322,3000
hybrid_sampled,10,0.8513333333333334,0.8513333333333334,0.5769752910948729,3000
hybrid_sampled,20,0.917,0.917,0.5938898478196761,3000
two_tower_sampled,10,0.725,0.725,0.48454188535284975,3000
two_tower_sampled,20,0.8186666666666667,0.8186666666666667,0.5084001651502341,3000
