model,k,recall,ndcg,map,mrr,users
baseline_retrieval_als,10,0.07853142501555693,0.03747522500732025,0.025262344307148247,0.025262344307148247,8035
baseline_retrieval_als,20,0.13080273802115744,0.050512533032084,0.028747052938670088,0.028747052938670088,8035
baseline_retrieval_als,50,0.2521468574984443,0.07446351080440146,0.032540289217987295,0.032540289217987295,8035
baseline_ranker,10,0.08276291225886745,0.039329111609510296,0.026275273851502773,0.026275273851502773,8035
baseline_ranker,20,0.13914125700062227,0.053446802020123405,0.030078752188041798,0.030078752188041798,8035
baseline_ranker,50,0.2612321095208463,0.07750922825049367,0.03387507293467674,0.03387507293467674,8035
