model,k,recall,hitrate,ndcg,map,mrr,users
baseline_retrieval_als,10,0.07639653913280273,0.07639653913280273,0.03648575929665895,0.024580828031947985,0.024580828031947985,161578
baseline_retrieval_als,20,0.1355073091633762,0.1355073091633762,0.051296257124668065,0.028575370149832385,0.028575370149832385,161578
baseline_retrieval_als,50,0.26813675129039843,0.26813675129039843,0.07741514250766532,0.03268676482997097,0.03268676482997097,161578
baseline_ranker,10,0.10344848927452995,0.10344848927452995,0.05275740969794218,0.037540962574073675,0.037540962574073675,161578
baseline_ranker,20,0.16609315624651871,0.16609315624651871,0.06848825449364224,0.04180260165193249,0.04180260165193249,161578
baseline_ranker,50,0.2924965032368268,0.2924965032368268,0.0934279485008447,0.04574781405992076,0.04574781405992076,161578
