model,k,recall,hitrate,ndcg,map,mrr,users
baseline_retrieval_als,10,0.07803360298693217,0.07803360298693217,0.03703455569232259,0.024845467745281034,0.024845467745281034,8035
baseline_retrieval_als,20,0.13117610454262602,0.13117610454262602,0.05029768849625621,0.02839559780406329,0.02839559780406329,8035
baseline_retrieval_als,50,0.25152457996266336,0.25152457996266336,0.0740247766798653,0.03214262846170656,0.03214262846170656,8035
baseline_ranker,10,0.08301182327317984,0.08301182327317984,0.03987569431607882,0.026940814492152347,0.026940814492152347,8035
baseline_ranker,20,0.1388923459863099,0.1388923459863099,0.05391253040992425,0.030745418427333446,0.030745418427333446,8035
baseline_ranker,50,0.2611076540136901,0.2611076540136901,0.07798269938402684,0.03453855070676384,0.03453855070676384,8035
