model,k,recall,hitrate,ndcg,map,mrr,users
baseline_retrieval_als,10,0.07629751575090668,0.07629751575090668,0.03642811639547086,0.024535737027691705,0.024535737027691705,161578
baseline_retrieval_als,20,0.1355382539702187,0.1355382539702187,0.05126803640190738,0.028536567617378272,0.028536567617378272,161578
baseline_retrieval_als,50,0.26816769609724095,0.26816769609724095,0.07738647786563077,0.03264764671127124,0.03264764671127124,161578
baseline_ranker,10,0.10219213011672382,0.10219213011672382,0.0521096229893239,0.037072770102483416,0.037072770102483416,161578
baseline_ranker,20,0.16575276337125103,0.16575276337125103,0.06806274452250619,0.04139071150775278,0.04139071150775278,161578
baseline_ranker,50,0.2922737006275607,0.2922737006275607,0.0930170373998164,0.04533491609663643,0.04533491609663643,161578
