model,k,recall,hitrate,ndcg,map,mrr,users
baseline_retrieval_als,10,0.07766023646546359,0.07766023646546359,0.0369167465825487,0.024798698155885437,0.024798698155885437,8035
baseline_retrieval_als,20,0.1310516490354698,0.1310516490354698,0.05025595731602828,0.028376272046423533,0.028376272046423533,8035
baseline_retrieval_als,50,0.2511512134411948,0.2511512134411948,0.073938782213664,0.03211819903047654,0.03211819903047654,8035
baseline_ranker,10,0.08363410080896079,0.08363410080896079,0.04130043158389952,0.028634792228444943,0.028634792228444943,8035
baseline_ranker,20,0.13926571250777847,0.13926571250777847,0.05526309627441764,0.03241233473310238,0.03241233473310238,8035
baseline_ranker,50,0.2613565650280025,0.2613565650280025,0.07932743119710965,0.03621298809120374,0.03621298809120374,8035
