model,k,recall,hitrate,ndcg,map,mrr,users
final_retrieval_two_tower_faiss_hybrid3,10,0.07566894835096453,0.07566894835096453,0.03642824403797018,0.02469325668454477,0.02469325668454477,8035
final_retrieval_two_tower_faiss_hybrid3,20,0.12993154947106408,0.12993154947106408,0.049967404477623836,0.028315542230106225,0.028315542230106225,8035
final_retrieval_two_tower_faiss_hybrid3,50,0.2502800248911014,0.2502800248911014,0.07364813612840697,0.03203417558696428,0.03203417558696428,8035
final_ranker_two_tower_hybrid3,10,0.08911014312383322,0.08911014312383322,0.04428655175018662,0.03078278563032759,0.03078278563032759,8035
final_ranker_two_tower_hybrid3,20,0.14971997510889856,0.14971997510889856,0.059537942724986546,0.03493121407253361,0.03493121407253361,8035
final_ranker_two_tower_hybrid3,50,0.27205973864343497,0.27205973864343497,0.08362031339883726,0.038723464925626484,0.038723464925626484,8035
final_ranker_ensemble,10,0.09097697573117611,0.09097697573117611,0.04467242056511654,0.030806195118578388,0.030806195118578388,8035
final_ranker_ensemble,20,0.14810205351586808,0.14810205351586808,0.05898858344883759,0.03467003332096254,0.03467003332096254,8035
final_ranker_ensemble,50,0.271437461107654,0.271437461107654,0.08327170021198367,0.038492303168783014,0.038492303168783014,8035
