model,k,recall,hitrate,ndcg,users
als_sampled,10,0.852,0.852,0.6351473912899213,3000
als_sampled,20,0.9053333333333333,0.9053333333333333,0.6487403917575496,3000
hybrid_sampled,10,0.8766666666666667,0.8766666666666667,0.6393838941936919,3000
hybrid_sampled,20,0.9346666666666666,0.9346666666666666,0.6541547280744939,3000
two_tower_sampled,10,0.8043333333333333,0.8043333333333333,0.5571491129489651,3000
two_tower_sampled,20,0.8983333333333333,0.8983333333333333,0.5810559945374317,3000
