model,k,recall,hitrate,ndcg,users
als_sampled,10,0.868,0.868,0.6419703134266619,1000
als_sampled,20,0.915,0.915,0.6539522544282054,1000
bm25_sampled,10,0.884,0.884,0.6410326617266374,1000
bm25_sampled,20,0.949,0.949,0.6577168351671824,1000
hybrid_sampled,10,0.881,0.881,0.6435806684772344,1000
hybrid_sampled,20,0.947,0.947,0.6605072508181727,1000
two_tower_sampled,10,0.822,0.822,0.559505794338778,1000
two_tower_sampled,20,0.915,0.915,0.5833423964856614,1000
