model,k,recall,hitrate,ndcg,users
als_sampled,10,0.87,0.87,0.6414306757904926,1000
als_sampled,20,0.914,0.914,0.6526354979915111,1000
hybrid_sampled,10,0.881,0.881,0.6427611028187219,1000
hybrid_sampled,20,0.948,0.948,0.6599165477031628,1000
two_tower_sampled,10,0.822,0.822,0.559505794338778,1000
two_tower_sampled,20,0.915,0.915,0.5833423964856614,1000
