model,k,recall,hitrate,ndcg,users
als_sampled,10,0.95645,0.95645,0.8039526579673386,20000
als_sampled,20,0.96755,0.96755,0.8068120337565527,20000
hybrid_sampled,10,0.9674,0.9674,0.7964493923773757,20000
hybrid_sampled,20,0.983,0.983,0.8004767731679886,20000
two_tower_sampled,10,0.88865,0.88865,0.681498723697443,20000
two_tower_sampled,20,0.9466,0.9466,0.6962429579943697,20000
