model,k,recall,hitrate,ndcg,map,mrr,users
final_ranker_ensemble_tuned_fast,20,0.1790899751203753,0.1790899751203753,0.07477229045916138,0.046166694448849695,0.046166694448849695,161578
