model,k,recall,ndcg,map,mrr,users
baseline_retrieval_als,10,0.07990043559427505,0.03675466115204943,0.02392405250837108,0.02392405250837108,8035
baseline_retrieval_als,20,0.14075917859365278,0.051895542159424685,0.027952728309179675,0.027952728309179675,8035
baseline_retrieval_als,50,0.27840696950840077,0.07902028039891008,0.03222771972618592,0.03222771972618592,8035
baseline_ranker,10,0.08313627878033603,0.04058629508534895,0.02785413024367591,0.02785413024367591,8035
baseline_ranker,20,0.1537025513378967,0.05828240797624472,0.03263388207922183,0.03263388207922183,8035
baseline_ranker,50,0.28761667703795896,0.0847441574724637,0.03683840616054136,0.03683840616054136,8035
