model,k,recall,hitrate,ndcg,map,mrr,users
baseline_retrieval_als,10,0.07824703858198517,0.07824703858198517,0.0368625881425471,0.024527590684493474,0.024527590684493474,161578
baseline_retrieval_als,20,0.13652848778917923,0.13652848778917923,0.051468767646991424,0.02846900257929922,0.02846900257929922,161578
baseline_retrieval_als,50,0.2699624948941069,0.2699624948941069,0.0777515734228061,0.03260892324507018,0.03260892324507018,161578
baseline_ranker,10,0.10731659012984442,0.10731659012984442,0.05472753358359247,0.03891323950474927,0.03891323950474927,161578
baseline_ranker,20,0.1714032851006944,0.1714032851006944,0.07082391460296643,0.043275294126105084,0.043275294126105084,161578
baseline_ranker,50,0.2984564730346953,0.2984564730346953,0.0958897360282972,0.047240630279090964,0.047240630279090964,161578
